DP,DPNOM,MPIO,DPMP,AÑO,ÁREA GEOGRÁFICA,Población
5,Antioquia,5001,MEDELLIN,2023,Total,2595300
5,Antioquia,5002,ABEJORRAL,2023,Total,21297
5,Antioquia,5004,ABRIAQUI,2023,Total,2841
5,Antioquia,5021,ALEJANDRIA,2023,Total,4912
5,Antioquia,5030,AMAGA,2023,Total,32142
5,Antioquia,5031,AMALFI,2023,Total,27637
5,Antioquia,5034,ANDES,2023,Total,45796
5,Antioquia,5036,ANGELOPOLIS,2023,Total,6082
5,Antioquia,5038,ANGOSTURA,2023,Total,12005
5,Antioquia,5040,ANORI,2023,Total,19527
5,Antioquia,5042,SANTAFE DE ANTIOQUIA,2023,Total,27831
5,Antioquia,5044,ANZA,2023,Total,7433
5,Antioquia,5045,APARTADO,2023,Total,130362
5,Antioquia,5051,ARBOLETES,2023,Total,31853
5,Antioquia,5055,ARGELIA,2023,Total,7975
5,Antioquia,5059,ARMENIA,2023,Total,5358
5,Antioquia,5079,BARBOSA,2023,Total,55649
5,Antioquia,5086,BELMIRA,2023,Total,6356
5,Antioquia,5088,BELLO,2023,Total,561955
5,Antioquia,5091,BETANIA,2023,Total,10808
5,Antioquia,5093,BETULIA,2023,Total,16485
5,Antioquia,5101,CIUDAD BOLIVAR,2023,Total,27458
5,Antioquia,5107,BRICENO,2023,Total,8473
5,Antioquia,5113,BURITICA,2023,Total,9925
5,Antioquia,5120,CACERES,2023,Total,30925
5,Antioquia,5125,CAICEDO,2023,Total,8798
5,Antioquia,5129,CALDAS,2023,Total,85385
5,Antioquia,5134,CAMPAMENTO,2023,Total,9671
5,Antioquia,5138,CANASGORDAS,2023,Total,16256
5,Antioquia,5142,CARACOLI,2023,Total,4781
5,Antioquia,5145,CARAMANTA,2023,Total,4907
5,Antioquia,5147,CAREPA,2023,Total,51777
5,Antioquia,5148,EL CARMEN DE VIBORAL,2023,Total,63761
5,Antioquia,5150,CAROLINA,2023,Total,4174
5,Antioquia,5154,CAUCASIA,2023,Total,97025
5,Antioquia,5172,CHIGORODO,2023,Total,61741
5,Antioquia,5190,CISNEROS,2023,Total,10326
5,Antioquia,5197,COCORNA,2023,Total,16390
5,Antioquia,5206,CONCEPCION,2023,Total,5020
5,Antioquia,5209,CONCORDIA,2023,Total,22540
5,Antioquia,5212,COPACABANA,2023,Total,83559
5,Antioquia,5234,DABEIBA,2023,Total,24377
5,Antioquia,5237,DONMATIAS,2023,Total,20198
5,Antioquia,5240,EBEJICO,2023,Total,12713
5,Antioquia,5250,EL BAGRE,2023,Total,55845
5,Antioquia,5264,ENTRERRIOS,2023,Total,11982
5,Antioquia,5266,ENVIGADO,2023,Total,246327
5,Antioquia,5282,FREDONIA,2023,Total,25764
5,Antioquia,5284,FRONTINO,2023,Total,21737
5,Antioquia,5306,GIRALDO,2023,Total,5899
5,Antioquia,5308,GIRARDOTA,2023,Total,55483
5,Antioquia,5310,GOMEZ PLATA,2023,Total,10300
5,Antioquia,5313,GRANADA,2023,Total,10700
5,Antioquia,5315,GUADALUPE,2023,Total,6926
5,Antioquia,5318,GUARNE,2023,Total,59226
5,Antioquia,5321,GUATAPE,2023,Total,8945
5,Antioquia,5347,HELICONIA,2023,Total,5682
5,Antioquia,5353,HISPANIA,2023,Total,5790
5,Antioquia,5360,ITAGUI,2023,Total,296953
5,Antioquia,5361,ITUANGO,2023,Total,28634
5,Antioquia,5364,JARDIN,2023,Total,15400
5,Antioquia,5368,JERICO,2023,Total,14344
5,Antioquia,5376,LA CEJA,2023,Total,69831
5,Antioquia,5380,LA ESTRELLA,2023,Total,76971
5,Antioquia,5390,LA PINTADA,2023,Total,8571
5,Antioquia,5400,LA UNION,2023,Total,22870
5,Antioquia,5411,LIBORINA,2023,Total,10556
5,Antioquia,5425,MACEO,2023,Total,8646
5,Antioquia,5440,MARINILLA,2023,Total,69343
5,Antioquia,5467,MONTEBELLO,2023,Total,6973
5,Antioquia,5475,MURINDO,2023,Total,5263
5,Antioquia,5480,MUTATA,2023,Total,14904
5,Antioquia,5483,NARINO,2023,Total,10723
5,Antioquia,5490,NECOCLI,2023,Total,45151
5,Antioquia,5495,NECHI,2023,Total,27705
5,Antioquia,5501,OLAYA,2023,Total,3292
5,Antioquia,5541,PENOL,2023,Total,22410
5,Antioquia,5543,PEQUE,2023,Total,8585
5,Antioquia,5576,PUEBLORRICO,2023,Total,9124
5,Antioquia,5579,PUERTO BERRIO,2023,Total,41857
5,Antioquia,5585,PUERTO NARE,2023,Total,15124
5,Antioquia,5591,PUERTO TRIUNFO,2023,Total,19387
5,Antioquia,5604,REMEDIOS,2023,Total,30277
5,Antioquia,5607,RETIRO,2023,Total,25227
5,Antioquia,5615,RIONEGRO,2023,Total,145704
5,Antioquia,5628,SABANALARGA,2023,Total,9592
5,Antioquia,5631,SABANETA,2023,Total,88966
5,Antioquia,5642,SALGAR,2023,Total,19153
5,Antioquia,5647,SAN ANDRES DE CUERQUIA,2023,Total,7598
5,Antioquia,5649,SAN CARLOS,2023,Total,16838
5,Antioquia,5652,SAN FRANCISCO,2023,Total,5945
5,Antioquia,5656,SAN JERONIMO,2023,Total,16368
5,Antioquia,5658,SAN JOSE DE LA MONTANA,2023,Total,3867
5,Antioquia,5659,SAN JUAN DE URABA,2023,Total,21540
5,Antioquia,5660,SAN LUIS,2023,Total,13690
5,Antioquia,5664,SAN PEDRO DE LOS MILAGROS,2023,Total,23409
5,Antioquia,5665,SAN PEDRO DE URABA,2023,Total,32895
5,Antioquia,5667,SAN RAFAEL,2023,Total,16489
5,Antioquia,5670,SAN ROQUE,2023,Total,22775
5,Antioquia,5674,SAN VICENTE,2023,Total,23349
5,Antioquia,5679,SANTA BARBARA,2023,Total,27647
5,Antioquia,5686,SANTA ROSA DE OSOS,2023,Total,38748
5,Antioquia,5690,SANTO DOMINGO,2023,Total,12970
5,Antioquia,5697,EL SANTUARIO,2023,Total,37801
5,Antioquia,5736,SEGOVIA,2023,Total,40602
5,Antioquia,5756,SONSON,2023,Total,38203
5,Antioquia,5761,SOPETRAN,2023,Total,15949
5,Antioquia,5789,TAMESIS,2023,Total,17029
5,Antioquia,5790,TARAZA,2023,Total,28874
5,Antioquia,5792,TARSO,2023,Total,6510
5,Antioquia,5809,TITIRIBI,2023,Total,11259
5,Antioquia,5819,TOLEDO,2023,Total,5225
5,Antioquia,5837,TURBO,2023,Total,133430
5,Antioquia,5842,URAMITA,2023,Total,7211
5,Antioquia,5847,URRAO,2023,Total,31885
5,Antioquia,5854,VALDIVIA,2023,Total,14596
5,Antioquia,5856,VALPARAISO,2023,Total,6876
5,Antioquia,5858,VEGACHI,2023,Total,12453
5,Antioquia,5861,VENECIA,2023,Total,12208
5,Antioquia,5873,VIGIA DEL FUERTE,2023,Total,9681
5,Antioquia,5885,YALI,2023,Total,8026
5,Antioquia,5887,YARUMAL,2023,Total,44102
5,Antioquia,5890,YOLOMBO,2023,Total,23825
5,Antioquia,5893,YONDO,2023,Total,20572
5,Antioquia,5895,ZARAGOZA,2023,Total,25989
8,Atlántico,8001,BARRANQUILLA,2023,Total,1323551
8,Atlántico,8078,BARANOA,2023,Total,69143
8,Atlántico,8137,CAMPO DE LA CRUZ,2023,Total,24850
8,Atlántico,8141,CANDELARIA,2023,Total,17595
8,Atlántico,8296,GALAPA,2023,Total,68011
8,Atlántico,8372,JUAN DE ACOSTA,2023,Total,23357
8,Atlántico,8421,LURUACO,2023,Total,30955
8,Atlántico,8433,MALAMBO,2023,Total,142728
8,Atlántico,8436,MANATI,2023,Total,21704
8,Atlántico,8520,PALMAR DE VARELA,2023,Total,32082
8,Atlántico,8549,PIOJO,2023,Total,7284
8,Atlántico,8558,POLONUEVO,2023,Total,20038
8,Atlántico,8560,PONEDERA,2023,Total,26463
8,Atlántico,8573,PUERTO COLOMBIA,2023,Total,54983
8,Atlántico,8606,REPELON,2023,Total,28780
8,Atlántico,8634,SABANAGRANDE,2023,Total,36003
8,Atlántico,8638,SABANALARGA,2023,Total,103394
8,Atlántico,8675,SANTA LUCIA,2023,Total,17782
8,Atlántico,8685,SANTO TOMAS,2023,Total,33058
8,Atlántico,8758,SOLEDAD,2023,Total,676014
8,Atlántico,8770,SUAN,2023,Total,13085
8,Atlántico,8832,TUBARA,2023,Total,19132
8,Atlántico,8849,USIACURI,2023,Total,13573
11,"Bogotá, D.C.",11001,"BOGOTA, D.C.",2023,Total,7907281
13,Bolívar,13001,CARTAGENA DE INDIAS,2023,Total,1052015
13,Bolívar,13006,ACHI,2023,Total,26995
13,Bolívar,13030,ALTOS DEL ROSARIO,2023,Total,12060
13,Bolívar,13042,ARENAL,2023,Total,7937
13,Bolívar,13052,ARJONA,2023,Total,75429
13,Bolívar,13062,ARROYOHONDO,2023,Total,8762
13,Bolívar,13074,BARRANCO DE LOBA,2023,Total,16181
13,Bolívar,13140,CALAMAR,2023,Total,24575
13,Bolívar,13160,CANTAGALLO,2023,Total,9019
13,Bolívar,13188,CICUCO,2023,Total,14652
13,Bolívar,13212,CORDOBA,2023,Total,17408
13,Bolívar,13222,CLEMENCIA,2023,Total,16081
13,Bolívar,13244,EL CARMEN DE BOLIVAR,2023,Total,75923
13,Bolívar,13248,EL GUAMO,2023,Total,9404
13,Bolívar,13268,EL PENON,2023,Total,8060
13,Bolívar,13300,HATILLO DE LOBA,2023,Total,13176
13,Bolívar,13430,MAGANGUE,2023,Total,145035
13,Bolívar,13433,MAHATES,2023,Total,30104
13,Bolívar,13440,MARGARITA,2023,Total,11710
13,Bolívar,13442,MARIA LA BAJA,2023,Total,50463
13,Bolívar,13458,MONTECRISTO,2023,Total,18243
13,Bolívar,13468,MOMPOS,2023,Total,48385
13,Bolívar,13473,MORALES,2023,Total,24596
13,Bolívar,13490,NOROSI,2023,Total,10758
13,Bolívar,13549,PINILLOS,2023,Total,26467
13,Bolívar,13580,REGIDOR,2023,Total,7502
13,Bolívar,13600,RIO VIEJO,2023,Total,11436
13,Bolívar,13620,SAN CRISTOBAL,2023,Total,8676
13,Bolívar,13647,SAN ESTANISLAO,2023,Total,19816
13,Bolívar,13650,SAN FERNANDO,2023,Total,13725
13,Bolívar,13654,SAN JACINTO,2023,Total,25702
13,Bolívar,13655,SAN JACINTO DEL CAUCA,2023,Total,11024
13,Bolívar,13657,SAN JUAN NEPOMUCENO,2023,Total,40020
13,Bolívar,13667,SAN MARTIN DE LOBA,2023,Total,15943
13,Bolívar,13670,SAN PABLO,2023,Total,29547
13,Bolívar,13673,SANTA CATALINA,2023,Total,15889
13,Bolívar,13683,SANTA ROSA,2023,Total,22736
13,Bolívar,13688,SANTA ROSA DEL SUR,2023,Total,35854
13,Bolívar,13744,SIMITI,2023,Total,19902
13,Bolívar,13760,SOPLAVIENTO,2023,Total,11585
13,Bolívar,13780,TALAIGUA NUEVO,2023,Total,13906
13,Bolívar,13810,TIQUISIO,2023,Total,19500
13,Bolívar,13836,TURBACO,2023,Total,114716
13,Bolívar,13838,TURBANA,2023,Total,17776
13,Bolívar,13873,VILLANUEVA,2023,Total,25795
13,Bolívar,13894,ZAMBRANO,2023,Total,12795
15,Boyacá,15001,TUNJA,2023,Total,185469
15,Boyacá,15022,ALMEIDA,2023,Total,2030
15,Boyacá,15047,AQUITANIA,2023,Total,16319
15,Boyacá,15051,ARCABUCO,2023,Total,6265
15,Boyacá,15087,BELEN,2023,Total,7914
15,Boyacá,15090,BERBEO,2023,Total,1664
15,Boyacá,15092,BETEITIVA,2023,Total,2047
15,Boyacá,15097,BOAVITA,2023,Total,5368
15,Boyacá,15104,BOYACA,2023,Total,5392
15,Boyacá,15106,BRICENO,2023,Total,2297
15,Boyacá,15109,BUENAVISTA,2023,Total,4626
15,Boyacá,15114,BUSBANZA,2023,Total,1202
15,Boyacá,15131,CALDAS,2023,Total,3296
15,Boyacá,15135,CAMPOHERMOSO,2023,Total,3259
15,Boyacá,15162,CERINZA,2023,Total,3912
15,Boyacá,15172,CHINAVITA,2023,Total,3373
15,Boyacá,15176,CHIQUINQUIRA,2023,Total,60138
15,Boyacá,15180,CHISCAS,2023,Total,4155
15,Boyacá,15183,CHITA,2023,Total,8317
15,Boyacá,15185,CHITARAQUE,2023,Total,6185
15,Boyacá,15187,CHIVATA,2023,Total,2960
15,Boyacá,15189,CIENEGA,2023,Total,4894
15,Boyacá,15204,COMBITA,2023,Total,13896
15,Boyacá,15212,COPER,2023,Total,3798
15,Boyacá,15215,CORRALES,2023,Total,2662
15,Boyacá,15218,COVARACHIA,2023,Total,2904
15,Boyacá,15223,CUBARA,2023,Total,11175
15,Boyacá,15224,CUCAITA,2023,Total,3980
15,Boyacá,15226,CUITIVA,2023,Total,1899
15,Boyacá,15232,CHIQUIZA,2023,Total,4971
15,Boyacá,15236,CHIVOR,2023,Total,2640
15,Boyacá,15238,DUITAMA,2023,Total,131591
15,Boyacá,15244,EL COCUY,2023,Total,4377
15,Boyacá,15248,EL ESPINO,2023,Total,3217
15,Boyacá,15272,FIRAVITOBA,2023,Total,7109
15,Boyacá,15276,FLORESTA,2023,Total,3422
15,Boyacá,15293,GACHANTIVA,2023,Total,2939
15,Boyacá,15296,GAMEZA,2023,Total,5112
15,Boyacá,15299,GARAGOA,2023,Total,19208
15,Boyacá,15317,GUACAMAYAS,2023,Total,1952
15,Boyacá,15322,GUATEQUE,2023,Total,11400
15,Boyacá,15325,GUAYATA,2023,Total,3501
15,Boyacá,15332,GUICAN DE LA SIERRA,2023,Total,4492
15,Boyacá,15362,IZA,2023,Total,2078
15,Boyacá,15367,JENESANO,2023,Total,7666
15,Boyacá,15368,JERICO,2023,Total,4133
15,Boyacá,15377,LABRANZAGRANDE,2023,Total,3685
15,Boyacá,15380,LA CAPILLA,2023,Total,2821
15,Boyacá,15401,LA VICTORIA,2023,Total,1177
15,Boyacá,15403,LA UVITA,2023,Total,3184
15,Boyacá,15407,VILLA DE LEYVA,2023,Total,17466
15,Boyacá,15425,MACANAL,2023,Total,5295
15,Boyacá,15442,MARIPI,2023,Total,6016
15,Boyacá,15455,MIRAFLORES,2023,Total,9400
15,Boyacá,15464,MONGUA,2023,Total,4886
15,Boyacá,15466,MONGUI,2023,Total,4453
15,Boyacá,15469,MONIQUIRA,2023,Total,24083
15,Boyacá,15476,MOTAVITA,2023,Total,5946
15,Boyacá,15480,MUZO,2023,Total,9016
15,Boyacá,15491,NOBSA,2023,Total,17167
15,Boyacá,15494,NUEVO COLON,2023,Total,5431
15,Boyacá,15500,OICATA,2023,Total,3007
15,Boyacá,15507,OTANCHE,2023,Total,8541
15,Boyacá,15511,PACHAVITA,2023,Total,2573
15,Boyacá,15514,PAEZ,2023,Total,3433
15,Boyacá,15516,PAIPA,2023,Total,36078
15,Boyacá,15518,PAJARITO,2023,Total,2527
15,Boyacá,15522,PANQUEBA,2023,Total,1794
15,Boyacá,15531,PAUNA,2023,Total,7546
15,Boyacá,15533,PAYA,2023,Total,2763
15,Boyacá,15537,PAZ DE RIO,2023,Total,4472
15,Boyacá,15542,PESCA,2023,Total,7116
15,Boyacá,15550,PISBA,2023,Total,1859
15,Boyacá,15572,PUERTO BOYACA,2023,Total,50160
15,Boyacá,15580,QUIPAMA,2023,Total,5209
15,Boyacá,15599,RAMIRIQUI,2023,Total,10542
15,Boyacá,15600,RAQUIRA,2023,Total,8441
15,Boyacá,15621,RONDON,2023,Total,2513
15,Boyacá,15632,SABOYA,2023,Total,14471
15,Boyacá,15638,SACHICA,2023,Total,5868
15,Boyacá,15646,SAMACA,2023,Total,19645
15,Boyacá,15660,SAN EDUARDO,2023,Total,1755
15,Boyacá,15664,SAN JOSE DE PARE,2023,Total,5274
15,Boyacá,15667,SAN LUIS DE GACENO,2023,Total,5810
15,Boyacá,15673,SAN MATEO,2023,Total,3526
15,Boyacá,15676,SAN MIGUEL DE SEMA,2023,Total,3167
15,Boyacá,15681,SAN PABLO DE BORBUR,2023,Total,7027
15,Boyacá,15686,SANTANA,2023,Total,8088
15,Boyacá,15690,SANTA MARIA,2023,Total,3687
15,Boyacá,15693,SANTA ROSA DE VITERBO,2023,Total,13989
15,Boyacá,15696,SANTA SOFIA,2023,Total,3374
15,Boyacá,15720,SATIVANORTE,2023,Total,2293
15,Boyacá,15723,SATIVASUR,2023,Total,1150
15,Boyacá,15740,SIACHOQUE,2023,Total,7124
15,Boyacá,15753,SOATA,2023,Total,9423
15,Boyacá,15755,SOCOTA,2023,Total,7627
15,Boyacá,15757,SOCHA,2023,Total,8432
15,Boyacá,15759,SOGAMOSO,2023,Total,136391
15,Boyacá,15761,SOMONDOCO,2023,Total,3048
15,Boyacá,15762,SORA,2023,Total,3210
15,Boyacá,15763,SOTAQUIRA,2023,Total,8710
15,Boyacá,15764,SORACA,2023,Total,6352
15,Boyacá,15774,SUSACON,2023,Total,2830
15,Boyacá,15776,SUTAMARCHAN,2023,Total,6532
15,Boyacá,15778,SUTATENZA,2023,Total,4469
15,Boyacá,15790,TASCO,2023,Total,6170
15,Boyacá,15798,TENZA,2023,Total,4064
15,Boyacá,15804,TIBANA,2023,Total,9575
15,Boyacá,15806,TIBASOSA,2023,Total,13925
15,Boyacá,15808,TINJACA,2023,Total,3496
15,Boyacá,15810,TIPACOQUE,2023,Total,3495
15,Boyacá,15814,TOCA,2023,Total,9329
15,Boyacá,15816,TOGUI,2023,Total,4582
15,Boyacá,15820,TOPAGA,2023,Total,3832
15,Boyacá,15822,TOTA,2023,Total,5502
15,Boyacá,15832,TUNUNGUA,2023,Total,1627
15,Boyacá,15835,TURMEQUE,2023,Total,6455
15,Boyacá,15837,TUTA,2023,Total,8839
15,Boyacá,15839,TUTAZA,2023,Total,2142
15,Boyacá,15842,UMBITA,2023,Total,7954
15,Boyacá,15861,VENTAQUEMADA,2023,Total,16856
15,Boyacá,15879,VIRACACHA,2023,Total,2985
15,Boyacá,15897,ZETAQUIRA,2023,Total,4896
17,Caldas,17001,MANIZALES,2023,Total,454494
17,Caldas,17013,AGUADAS,2023,Total,23403
17,Caldas,17042,ANSERMA,2023,Total,37366
17,Caldas,17050,ARANZAZU,2023,Total,10792
17,Caldas,17088,BELALCAZAR,2023,Total,10894
17,Caldas,17174,CHINCHINA,2023,Total,53317
17,Caldas,17272,FILADELFIA,2023,Total,11662
17,Caldas,17380,LA DORADA,2023,Total,75043
17,Caldas,17388,LA MERCED,2023,Total,6268
17,Caldas,17433,MANZANARES,2023,Total,18655
17,Caldas,17442,MARMATO,2023,Total,9255
17,Caldas,17444,MARQUETALIA,2023,Total,13627
17,Caldas,17446,MARULANDA,2023,Total,2700
17,Caldas,17486,NEIRA,2023,Total,21543
17,Caldas,17495,NORCASIA,2023,Total,6123
17,Caldas,17513,PACORA,2023,Total,15680
17,Caldas,17524,PALESTINA,2023,Total,15978
17,Caldas,17541,PENSILVANIA,2023,Total,20242
17,Caldas,17614,RIOSUCIO,2023,Total,53746
17,Caldas,17616,RISARALDA,2023,Total,11267
17,Caldas,17653,SALAMINA,2023,Total,19959
17,Caldas,17662,SAMANA,2023,Total,21292
17,Caldas,17665,SAN JOSE,2023,Total,4904
17,Caldas,17777,SUPIA,2023,Total,29856
17,Caldas,17867,VICTORIA,2023,Total,10462
17,Caldas,17873,VILLAMARIA,2023,Total,68601
17,Caldas,17877,VITERBO,2023,Total,13155
18,Caquetá,18001,FLORENCIA,2023,Total,177946
18,Caquetá,18029,ALBANIA,2023,Total,4775
18,Caquetá,18094,BELEN DE LOS ANDAQUIES,2023,Total,11467
18,Caquetá,18150,CARTAGENA DEL CHAIRA,2023,Total,32611
18,Caquetá,18205,CURILLO,2023,Total,8051
18,Caquetá,18247,EL DONCELLO,2023,Total,20195
18,Caquetá,18256,EL PAUJIL,2023,Total,19137
18,Caquetá,18410,LA MONTANITA,2023,Total,15503
18,Caquetá,18460,MILAN,2023,Total,10256
18,Caquetá,18479,MORELIA,2023,Total,3905
18,Caquetá,18592,PUERTO RICO,2023,Total,27683
18,Caquetá,18610,SAN JOSE DEL FRAGUA,2023,Total,13711
18,Caquetá,18753,SAN VICENTE DEL CAGUAN,2023,Total,54150
18,Caquetá,18756,SOLANO,2023,Total,12020
18,Caquetá,18785,SOLITA,2023,Total,6352
18,Caquetá,18860,VALPARAISO,2023,Total,7291
19,Cauca,19001,POPAYAN,2023,Total,339454
19,Cauca,19022,ALMAGUER,2023,Total,19450
19,Cauca,19050,ARGELIA,2023,Total,27823
19,Cauca,19075,BALBOA,2023,Total,22395
19,Cauca,19100,BOLIVAR,2023,Total,39359
19,Cauca,19110,BUENOS AIRES,2023,Total,35168
19,Cauca,19130,CAJIBIO,2023,Total,44527
19,Cauca,19137,CALDONO,2023,Total,42815
19,Cauca,19142,CALOTO,2023,Total,31272
19,Cauca,19212,CORINTO,2023,Total,26810
19,Cauca,19256,EL TAMBO,2023,Total,57126
19,Cauca,19290,FLORENCIA,2023,Total,5442
19,Cauca,19300,GUACHENE,2023,Total,20401
19,Cauca,19318,GUAPI,2023,Total,29207
19,Cauca,19355,INZA,2023,Total,30794
19,Cauca,19364,JAMBALO,2023,Total,19101
19,Cauca,19392,LA SIERRA,2023,Total,11286
19,Cauca,19397,LA VEGA,2023,Total,26020
19,Cauca,19418,LOPEZ DE MICAY,2023,Total,19749
19,Cauca,19450,MERCADERES,2023,Total,24716
19,Cauca,19455,MIRANDA,2023,Total,33395
19,Cauca,19473,MORALES,2023,Total,41591
19,Cauca,19513,PADILLA,2023,Total,10510
19,Cauca,19517,PAEZ,2023,Total,49137
19,Cauca,19532,PATIA,2023,Total,38968
19,Cauca,19533,PIAMONTE,2023,Total,9715
19,Cauca,19548,PIENDAMO - TUNIA,2023,Total,43495
19,Cauca,19573,PUERTO TEJADA,2023,Total,44134
19,Cauca,19585,PURACE,2023,Total,18428
19,Cauca,19622,ROSAS,2023,Total,12142
19,Cauca,19693,SAN SEBASTIAN,2023,Total,11619
19,Cauca,19698,SANTANDER DE QUILICHAO,2023,Total,116885
19,Cauca,19701,SANTA ROSA,2023,Total,5639
19,Cauca,19743,SILVIA,2023,Total,39977
19,Cauca,19760,SOTARA PAISPAMBA,2023,Total,14856
19,Cauca,19780,SUAREZ,2023,Total,33762
19,Cauca,19785,SUCRE,2023,Total,9936
19,Cauca,19807,TIMBIO,2023,Total,37682
19,Cauca,19809,TIMBIQUI,2023,Total,27822
19,Cauca,19821,TORIBIO,2023,Total,37166
19,Cauca,19824,TOTORO,2023,Total,26336
19,Cauca,19845,VILLA RICA,2023,Total,21935
20,Cesar,20001,VALLEDUPAR,2023,Total,558938
20,Cesar,20011,AGUACHICA,2023,Total,126377
20,Cesar,20013,AGUSTIN CODAZZI,2023,Total,69759
20,Cesar,20032,ASTREA,2023,Total,22921
20,Cesar,20045,BECERRIL,2023,Total,24797
20,Cesar,20060,BOSCONIA,2023,Total,46093
20,Cesar,20175,CHIMICHAGUA,2023,Total,39045
20,Cesar,20178,CHIRIGUANA,2023,Total,31771
20,Cesar,20228,CURUMANI,2023,Total,42836
20,Cesar,20238,EL COPEY,2023,Total,34418
20,Cesar,20250,EL PASO,2023,Total,42960
20,Cesar,20295,GAMARRA,2023,Total,17143
20,Cesar,20310,GONZALEZ,2023,Total,4819
20,Cesar,20383,LA GLORIA,2023,Total,19644
20,Cesar,20400,LA JAGUA DE IBIRICO,2023,Total,53557
20,Cesar,20443,MANAURE BALCON DEL CESAR,2023,Total,11577
20,Cesar,20517,PAILITAS,2023,Total,21284
20,Cesar,20550,PELAYA,2023,Total,23779
20,Cesar,20570,PUEBLO BELLO,2023,Total,30844
20,Cesar,20614,RIO DE ORO,2023,Total,19252
20,Cesar,20621,LA PAZ,2023,Total,31829
20,Cesar,20710,SAN ALBERTO,2023,Total,30145
20,Cesar,20750,SAN DIEGO,2023,Total,21730
20,Cesar,20770,SAN MARTIN,2023,Total,30559
20,Cesar,20787,TAMALAMEQUE,2023,Total,17504
23,Córdoba,23001,MONTERIA,2023,Total,523150
23,Córdoba,23068,AYAPEL,2023,Total,48756
23,Córdoba,23079,BUENAVISTA,2023,Total,22596
23,Córdoba,23090,CANALETE,2023,Total,16404
23,Córdoba,23162,CERETE,2023,Total,113128
23,Córdoba,23168,CHIMA,2023,Total,18854
23,Córdoba,23182,CHINU,2023,Total,51195
23,Córdoba,23189,CIENAGA DE ORO,2023,Total,63134
23,Córdoba,23300,COTORRA,2023,Total,20353
23,Córdoba,23350,LA APARTADA,2023,Total,15671
23,Córdoba,23417,LORICA,2023,Total,117557
23,Córdoba,23419,LOS CORDOBAS,2023,Total,20164
23,Córdoba,23464,MOMIL,2023,Total,20925
23,Córdoba,23466,MONTELIBANO,2023,Total,86034
23,Córdoba,23500,MONITOS,2023,Total,32131
23,Córdoba,23555,PLANETA RICA,2023,Total,68231
23,Córdoba,23570,PUEBLO NUEVO,2023,Total,38306
23,Córdoba,23574,PUERTO ESCONDIDO,2023,Total,25503
23,Córdoba,23580,PUERTO LIBERTADOR,2023,Total,45050
23,Córdoba,23586,PURISIMA DE LA CONCEPCION,2023,Total,18411
23,Córdoba,23660,SAHAGUN,2023,Total,115097
23,Córdoba,23670,SAN ANDRES SOTAVENTO,2023,Total,50328
23,Córdoba,23672,SAN ANTERO,2023,Total,36284
23,Córdoba,23675,SAN BERNARDO DEL VIENTO,2023,Total,39715
23,Córdoba,23678,SAN CARLOS,2023,Total,28939
23,Córdoba,23682,SAN JOSE DE URE,2023,Total,14579
23,Córdoba,23686,SAN PELAYO,2023,Total,54610
23,Córdoba,23807,TIERRALTA,2023,Total,98938
23,Córdoba,23815,TUCHIN,2023,Total,56666
23,Córdoba,23855,VALENCIA,2023,Total,38202
25,Cundinamarca,25001,AGUA DE DIOS,2023,Total,13638
25,Cundinamarca,25019,ALBAN,2023,Total,7494
25,Cundinamarca,25035,ANAPOIMA,2023,Total,17161
25,Cundinamarca,25040,ANOLAIMA,2023,Total,16059
25,Cundinamarca,25053,ARBELAEZ,2023,Total,12201
25,Cundinamarca,25086,BELTRAN,2023,Total,2079
25,Cundinamarca,25095,BITUIMA,2023,Total,2816
25,Cundinamarca,25099,BOJACA,2023,Total,11830
25,Cundinamarca,25120,CABRERA,2023,Total,5504
25,Cundinamarca,25123,CACHIPAY,2023,Total,11615
25,Cundinamarca,25126,CAJICA,2023,Total,98441
25,Cundinamarca,25148,CAPARRAPI,2023,Total,14364
25,Cundinamarca,25151,CAQUEZA,2023,Total,19886
25,Cundinamarca,25154,CARMEN DE CARUPA,2023,Total,8721
25,Cundinamarca,25168,CHAGUANI,2023,Total,4810
25,Cundinamarca,25175,CHIA,2023,Total,158258
25,Cundinamarca,25178,CHIPAQUE,2023,Total,11011
25,Cundinamarca,25181,CHOACHI,2023,Total,12721
25,Cundinamarca,25183,CHOCONTA,2023,Total,24144
25,Cundinamarca,25200,COGUA,2023,Total,26055
25,Cundinamarca,25214,COTA,2023,Total,39070
25,Cundinamarca,25224,CUCUNUBA,2023,Total,8900
25,Cundinamarca,25245,EL COLEGIO,2023,Total,28185
25,Cundinamarca,25258,EL PENON,2023,Total,5327
25,Cundinamarca,25260,EL ROSAL,2023,Total,25330
25,Cundinamarca,25269,FACATATIVA,2023,Total,166588
25,Cundinamarca,25279,FOMEQUE,2023,Total,13959
25,Cundinamarca,25281,FOSCA,2023,Total,6643
25,Cundinamarca,25286,FUNZA,2023,Total,111675
25,Cundinamarca,25288,FUQUENE,2023,Total,5659
25,Cundinamarca,25290,FUSAGASUGA,2023,Total,165143
25,Cundinamarca,25293,GACHALA,2023,Total,4990
25,Cundinamarca,25295,GACHANCIPA,2023,Total,20142
25,Cundinamarca,25297,GACHETA,2023,Total,9583
25,Cundinamarca,25299,GAMA,2023,Total,3556
25,Cundinamarca,25307,GIRARDOT,2023,Total,119446
25,Cundinamarca,25312,GRANADA,2023,Total,8237
25,Cundinamarca,25317,GUACHETA,2023,Total,15528
25,Cundinamarca,25320,GUADUAS,2023,Total,35904
25,Cundinamarca,25322,GUASCA,2023,Total,17989
25,Cundinamarca,25324,GUATAQUI,2023,Total,3329
25,Cundinamarca,25326,GUATAVITA,2023,Total,7382
25,Cundinamarca,25328,GUAYABAL DE SIQUIMA,2023,Total,5150
25,Cundinamarca,25335,GUAYABETAL,2023,Total,7326
25,Cundinamarca,25339,GUTIERREZ,2023,Total,3932
25,Cundinamarca,25368,JERUSALEN,2023,Total,2592
25,Cundinamarca,25372,JUNIN,2023,Total,6630
25,Cundinamarca,25377,LA CALERA,2023,Total,35317
25,Cundinamarca,25386,LA MESA,2023,Total,38759
25,Cundinamarca,25394,LA PALMA,2023,Total,10823
25,Cundinamarca,25398,LA PENA,2023,Total,6756
25,Cundinamarca,25402,LA VEGA,2023,Total,20025
25,Cundinamarca,25407,LENGUAZAQUE,2023,Total,11753
25,Cundinamarca,25426,MACHETA,2023,Total,6963
25,Cundinamarca,25430,MADRID,2023,Total,134736
25,Cundinamarca,25436,MANTA,2023,Total,4234
25,Cundinamarca,25438,MEDINA,2023,Total,9093
25,Cundinamarca,25473,MOSQUERA,2023,Total,151244
25,Cundinamarca,25483,NARINO,2023,Total,2741
25,Cundinamarca,25486,NEMOCON,2023,Total,15588
25,Cundinamarca,25488,NILO,2023,Total,12746
25,Cundinamarca,25489,NIMAIMA,2023,Total,4138
25,Cundinamarca,25491,NOCAIMA,2023,Total,7074
25,Cundinamarca,25506,VENECIA,2023,Total,4877
25,Cundinamarca,25513,PACHO,2023,Total,28412
25,Cundinamarca,25518,PAIME,2023,Total,4742
25,Cundinamarca,25524,PANDI,2023,Total,5792
25,Cundinamarca,25530,PARATEBUENO,2023,Total,9851
25,Cundinamarca,25535,PASCA,2023,Total,10525
25,Cundinamarca,25572,PUERTO SALGAR,2023,Total,18181
25,Cundinamarca,25580,PULI,2023,Total,3830
25,Cundinamarca,25592,QUEBRADANEGRA,2023,Total,5397
25,Cundinamarca,25594,QUETAME,2023,Total,5855
25,Cundinamarca,25596,QUIPILE,2023,Total,7143
25,Cundinamarca,25599,APULO,2023,Total,9561
25,Cundinamarca,25612,RICAURTE,2023,Total,15324
25,Cundinamarca,25645,SAN ANTONIO DEL TEQUENDAMA,2023,Total,13831
25,Cundinamarca,25649,SAN BERNARDO,2023,Total,9723
25,Cundinamarca,25653,SAN CAYETANO,2023,Total,5549
25,Cundinamarca,25658,SAN FRANCISCO,2023,Total,12685
25,Cundinamarca,25662,SAN JUAN DE RIOSECO,2023,Total,9388
25,Cundinamarca,25718,SASAIMA,2023,Total,12518
25,Cundinamarca,25736,SESQUILE,2023,Total,13506
25,Cundinamarca,25740,SIBATE,2023,Total,39761
25,Cundinamarca,25743,SILVANIA,2023,Total,25347
25,Cundinamarca,25745,SIMIJACA,2023,Total,15149
25,Cundinamarca,25754,SOACHA,2023,Total,782647
25,Cundinamarca,25758,SOPO,2023,Total,30780
25,Cundinamarca,25769,SUBACHOQUE,2023,Total,17544
25,Cundinamarca,25772,SUESCA,2023,Total,20120
25,Cundinamarca,25777,SUPATA,2023,Total,6040
25,Cundinamarca,25779,SUSA,2023,Total,7508
25,Cundinamarca,25781,SUTATAUSA,2023,Total,6923
25,Cundinamarca,25785,TABIO,2023,Total,25692
25,Cundinamarca,25793,TAUSA,2023,Total,9423
25,Cundinamarca,25797,TENA,2023,Total,11214
25,Cundinamarca,25799,TENJO,2023,Total,26012
25,Cundinamarca,25805,TIBACUY,2023,Total,5008
25,Cundinamarca,25807,TIBIRITA,2023,Total,3633
25,Cundinamarca,25815,TOCAIMA,2023,Total,18304
25,Cundinamarca,25817,TOCANCIPA,2023,Total,46918
25,Cundinamarca,25823,TOPAIPI,2023,Total,4704
25,Cundinamarca,25839,UBALA,2023,Total,8720
25,Cundinamarca,25841,UBAQUE,2023,Total,7729
25,Cundinamarca,25843,VILLA DE SAN DIEGO DE UBATE,2023,Total,50581
25,Cundinamarca,25845,UNE,2023,Total,8073
25,Cundinamarca,25851,UTICA,2023,Total,4906
25,Cundinamarca,25862,VERGARA,2023,Total,7805
25,Cundinamarca,25867,VIANI,2023,Total,5078
25,Cundinamarca,25871,VILLAGOMEZ,2023,Total,2018
25,Cundinamarca,25873,VILLAPINZON,2023,Total,20062
25,Cundinamarca,25875,VILLETA,2023,Total,31632
25,Cundinamarca,25878,VIOTA,2023,Total,15255
25,Cundinamarca,25885,YACOPI,2023,Total,13995
25,Cundinamarca,25898,ZIPACON,2023,Total,5445
25,Cundinamarca,25899,ZIPAQUIRA,2023,Total,155618
27,Chocó,27001,QUIBDO,2023,Total,142184
27,Chocó,27006,ACANDI,2023,Total,15604
27,Chocó,27025,ALTO BAUDO,2023,Total,30748
27,Chocó,27050,ATRATO,2023,Total,6724
27,Chocó,27073,BAGADO,2023,Total,11704
27,Chocó,27075,BAHIA SOLANO,2023,Total,11291
27,Chocó,27077,BAJO BAUDO,2023,Total,33373
27,Chocó,27099,BOJAYA,2023,Total,13479
27,Chocó,27135,EL CANTON DEL SAN PABLO,2023,Total,6783
27,Chocó,27150,CARMEN DEL DARIEN,2023,Total,21814
27,Chocó,27160,CERTEGUI,2023,Total,6088
27,Chocó,27205,CONDOTO,2023,Total,13652
27,Chocó,27245,EL CARMEN DE ATRATO,2023,Total,9121
27,Chocó,27250,EL LITORAL DEL SAN JUAN,2023,Total,24967
27,Chocó,27361,ISTMINA,2023,Total,33188
27,Chocó,27372,JURADO,2023,Total,7408
27,Chocó,27413,LLORO,2023,Total,10456
27,Chocó,27425,MEDIO ATRATO,2023,Total,12668
27,Chocó,27430,MEDIO BAUDO,2023,Total,16632
27,Chocó,27450,MEDIO SAN JUAN,2023,Total,11578
27,Chocó,27491,NOVITA,2023,Total,10179
27,Chocó,27495,NUQUI,2023,Total,17954
27,Chocó,27580,RIO IRO,2023,Total,5788
27,Chocó,27600,RIO QUITO,2023,Total,8996
27,Chocó,27615,RIOSUCIO,2023,Total,62137
27,Chocó,27660,SAN JOSE DEL PALMAR,2023,Total,5597
27,Chocó,27745,SIPI,2023,Total,3554
27,Chocó,27787,TADO,2023,Total,19822
27,Chocó,27800,UNGUIA,2023,Total,14285
27,Chocó,27810,UNION PANAMERICANA,2023,Total,7364
41,Huila,41001,NEIVA,2023,Total,380019
41,Huila,41006,ACEVEDO,2023,Total,26773
41,Huila,41013,AGRADO,2023,Total,9408
41,Huila,41016,AIPE,2023,Total,17322
41,Huila,41020,ALGECIRAS,2023,Total,24044
41,Huila,41026,ALTAMIRA,2023,Total,4557
41,Huila,41078,BARAYA,2023,Total,8865
41,Huila,41132,CAMPOALEGRE,2023,Total,33102
41,Huila,41206,COLOMBIA,2023,Total,7693
41,Huila,41244,ELIAS,2023,Total,4532
41,Huila,41298,GARZON,2023,Total,77794
41,Huila,41306,GIGANTE,2023,Total,26304
41,Huila,41319,GUADALUPE,2023,Total,19266
41,Huila,41349,HOBO,2023,Total,7757
41,Huila,41357,IQUIRA,2023,Total,9939
41,Huila,41359,ISNOS,2023,Total,27197
41,Huila,41378,LA ARGENTINA,2023,Total,13884
41,Huila,41396,LA PLATA,2023,Total,65676
41,Huila,41483,NATAGA,2023,Total,6950
41,Huila,41503,OPORAPA,2023,Total,12537
41,Huila,41518,PAICOL,2023,Total,7078
41,Huila,41524,PALERMO,2023,Total,28245
41,Huila,41530,PALESTINA,2023,Total,12077
41,Huila,41548,PITAL,2023,Total,14791
41,Huila,41551,PITALITO,2023,Total,134110
41,Huila,41615,RIVERA,2023,Total,26153
41,Huila,41660,SALADOBLANCO,2023,Total,11265
41,Huila,41668,SAN AGUSTIN,2023,Total,35550
41,Huila,41676,SANTA MARIA,2023,Total,11173
41,Huila,41770,SUAZA,2023,Total,23562
41,Huila,41791,TARQUI,2023,Total,18783
41,Huila,41797,TESALIA,2023,Total,11475
41,Huila,41799,TELLO,2023,Total,12572
41,Huila,41801,TERUEL,2023,Total,8605
41,Huila,41807,TIMANA,2023,Total,23395
41,Huila,41872,VILLAVIEJA,2023,Total,7782
41,Huila,41885,YAGUARA,2023,Total,8218
44,La Guajira,44001,RIOHACHA,2023,Total,222541
44,La Guajira,44035,ALBANIA,2023,Total,35116
44,La Guajira,44078,BARRANCAS,2023,Total,42906
44,La Guajira,44090,DIBULLA,2023,Total,45876
44,La Guajira,44098,DISTRACCION,2023,Total,15317
44,La Guajira,44110,EL MOLINO,2023,Total,8441
44,La Guajira,44279,FONSECA,2023,Total,50242
44,La Guajira,44378,HATONUEVO,2023,Total,23911
44,La Guajira,44420,LA JAGUA DEL PILAR,2023,Total,4072
44,La Guajira,44430,MAICAO,2023,Total,200136
44,La Guajira,44560,MANAURE,2023,Total,97010
44,La Guajira,44650,SAN JUAN DEL CESAR,2023,Total,54858
44,La Guajira,44847,URIBIA,2023,Total,192278
44,La Guajira,44855,URUMITA,2023,Total,12578
44,La Guajira,44874,VILLANUEVA,2023,Total,33115
47,Magdalena,47001,SANTA MARTA,2023,Total,555030
47,Magdalena,47030,ALGARROBO,2023,Total,17549
47,Magdalena,47053,ARACATACA,2023,Total,44857
47,Magdalena,47058,ARIGUANI,2023,Total,33688
47,Magdalena,47161,CERRO DE SAN ANTONIO,2023,Total,11146
47,Magdalena,47170,CHIBOLO,2023,Total,24624
47,Magdalena,47189,CIENAGA,2023,Total,132157
47,Magdalena,47205,CONCORDIA,2023,Total,11731
47,Magdalena,47245,EL BANCO,2023,Total,73253
47,Magdalena,47258,EL PINON,2023,Total,25382
47,Magdalena,47268,EL RETEN,2023,Total,21634
47,Magdalena,47288,FUNDACION,2023,Total,74175
47,Magdalena,47318,GUAMAL,2023,Total,29946
47,Magdalena,47460,NUEVA GRANADA,2023,Total,22104
47,Magdalena,47541,PEDRAZA,2023,Total,10411
47,Magdalena,47545,PIJINO DEL CARMEN,2023,Total,13498
47,Magdalena,47551,PIVIJAY,2023,Total,41612
47,Magdalena,47555,PLATO,2023,Total,69707
47,Magdalena,47570,PUEBLOVIEJO,2023,Total,33789
47,Magdalena,47605,REMOLINO,2023,Total,12766
47,Magdalena,47660,SABANAS DE SAN ANGEL,2023,Total,17458
47,Magdalena,47675,SALAMINA,2023,Total,11986
47,Magdalena,47692,SAN SEBASTIAN DE BUENAVISTA,2023,Total,22080
47,Magdalena,47703,SAN ZENON,2023,Total,13286
47,Magdalena,47707,SANTA ANA,2023,Total,27616
47,Magdalena,47720,SANTA BARBARA DE PINTO,2023,Total,11606
47,Magdalena,47745,SITIONUEVO,2023,Total,30470
47,Magdalena,47798,TENERIFE,2023,Total,14736
47,Magdalena,47960,ZAPAYAN,2023,Total,10904
47,Magdalena,47980,ZONA BANANERA,2023,Total,76962
50,Meta,50001,VILLAVICENCIO,2023,Total,577875
50,Meta,50006,ACACIAS,2023,Total,95500
50,Meta,50110,BARRANCA DE UPIA,2023,Total,7079
50,Meta,50124,CABUYARO,2023,Total,6554
50,Meta,50150,CASTILLA LA NUEVA,2023,Total,15683
50,Meta,50223,CUBARRAL,2023,Total,7687
50,Meta,50226,CUMARAL,2023,Total,24858
50,Meta,50245,EL CALVARIO,2023,Total,1870
50,Meta,50251,EL CASTILLO,2023,Total,8539
50,Meta,50270,EL DORADO,2023,Total,4284
50,Meta,50287,FUENTE DE ORO,2023,Total,13163
50,Meta,50313,GRANADA,2023,Total,75007
50,Meta,50318,GUAMAL,2023,Total,15361
50,Meta,50325,MAPIRIPAN,2023,Total,7474
50,Meta,50330,MESETAS,2023,Total,12192
50,Meta,50350,LA MACARENA,2023,Total,28920
50,Meta,50370,URIBE,2023,Total,9989
50,Meta,50400,LEJANIAS,2023,Total,12378
50,Meta,50450,PUERTO CONCORDIA,2023,Total,9038
50,Meta,50568,PUERTO GAITAN,2023,Total,45511
50,Meta,50573,PUERTO LOPEZ,2023,Total,33079
50,Meta,50577,PUERTO LLERAS,2023,Total,11300
50,Meta,50590,PUERTO RICO,2023,Total,13663
50,Meta,50606,RESTREPO,2023,Total,19890
50,Meta,50680,SAN CARLOS DE GUAROA,2023,Total,13433
50,Meta,50683,SAN JUAN DE ARAMA,2023,Total,9862
50,Meta,50686,SAN JUANITO,2023,Total,1385
50,Meta,50689,SAN MARTIN,2023,Total,29399
50,Meta,50711,VISTAHERMOSA,2023,Total,19112
52,Nariño,52001,PASTO,2023,Total,410835
52,Nariño,52019,ALBAN,2023,Total,9993
52,Nariño,52022,ALDANA,2023,Total,7734
52,Nariño,52036,ANCUYA,2023,Total,9056
52,Nariño,52051,ARBOLEDA,2023,Total,9045
52,Nariño,52079,BARBACOAS,2023,Total,58292
52,Nariño,52083,BELEN,2023,Total,6621
52,Nariño,52110,BUESACO,2023,Total,24905
52,Nariño,52203,COLON,2023,Total,8829
52,Nariño,52207,CONSACA,2023,Total,14400
52,Nariño,52210,CONTADERO,2023,Total,7578
52,Nariño,52215,CORDOBA,2023,Total,16223
52,Nariño,52224,CUASPUD CARLOSAMA,2023,Total,9618
52,Nariño,52227,CUMBAL,2023,Total,38599
52,Nariño,52233,CUMBITARA,2023,Total,6152
52,Nariño,52240,CHACHAGUI,2023,Total,15860
52,Nariño,52250,EL CHARCO,2023,Total,23099
52,Nariño,52254,EL PENOL,2023,Total,7734
52,Nariño,52256,EL ROSARIO,2023,Total,12843
52,Nariño,52258,EL TABLON DE GOMEZ,2023,Total,15009
52,Nariño,52260,EL TAMBO,2023,Total,14811
52,Nariño,52287,FUNES,2023,Total,7486
52,Nariño,52317,GUACHUCAL,2023,Total,20338
52,Nariño,52320,GUAITARILLA,2023,Total,11921
52,Nariño,52323,GUALMATAN,2023,Total,7352
52,Nariño,52352,ILES,2023,Total,7954
52,Nariño,52354,IMUES,2023,Total,7937
52,Nariño,52356,IPIALES,2023,Total,120842
52,Nariño,52378,LA CRUZ,2023,Total,19421
52,Nariño,52381,LA FLORIDA,2023,Total,10465
52,Nariño,52385,LA LLANADA,2023,Total,6636
52,Nariño,52390,LA TOLA,2023,Total,7661
52,Nariño,52399,LA UNION,2023,Total,33262
52,Nariño,52405,LEIVA,2023,Total,10144
52,Nariño,52411,LINARES,2023,Total,10510
52,Nariño,52418,LOS ANDES,2023,Total,9766
52,Nariño,52427,MAGUI,2023,Total,25981
52,Nariño,52435,MALLAMA,2023,Total,9396
52,Nariño,52473,MOSQUERA,2023,Total,12547
52,Nariño,52480,NARINO,2023,Total,4541
52,Nariño,52490,OLAYA HERRERA,2023,Total,26280
52,Nariño,52506,OSPINA,2023,Total,7393
52,Nariño,52520,FRANCISCO PIZARRO,2023,Total,14861
52,Nariño,52540,POLICARPA,2023,Total,10314
52,Nariño,52560,POTOSI,2023,Total,10719
52,Nariño,52565,PROVIDENCIA,2023,Total,5796
52,Nariño,52573,PUERRES,2023,Total,8854
52,Nariño,52585,PUPIALES,2023,Total,18164
52,Nariño,52612,RICAURTE,2023,Total,20581
52,Nariño,52621,ROBERTO PAYAN,2023,Total,13249
52,Nariño,52678,SAMANIEGO,2023,Total,29936
52,Nariño,52683,SANDONA,2023,Total,21244
52,Nariño,52685,SAN BERNARDO,2023,Total,9584
52,Nariño,52687,SAN LORENZO,2023,Total,19280
52,Nariño,52693,SAN PABLO,2023,Total,15838
52,Nariño,52694,SAN PEDRO DE CARTAGO,2023,Total,7100
52,Nariño,52696,SANTA BARBARA,2023,Total,14060
52,Nariño,52699,SANTACRUZ,2023,Total,11297
52,Nariño,52720,SAPUYES,2023,Total,7633
52,Nariño,52786,TAMINANGO,2023,Total,18511
52,Nariño,52788,TANGUA,2023,Total,14058
52,Nariño,52835,SAN ANDRES DE TUMACO,2023,Total,265599
52,Nariño,52838,TUQUERRES,2023,Total,46419
52,Nariño,52885,YACUANQUER,2023,Total,11404
54,Norte de Santander,54001,SAN JOSE DE CUCUTA,2023,Total,806378
54,Norte de Santander,54003,ABREGO,2023,Total,35613
54,Norte de Santander,54051,ARBOLEDAS,2023,Total,10914
54,Norte de Santander,54099,BOCHALEMA,2023,Total,9309
54,Norte de Santander,54109,BUCARASICA,2023,Total,7209
54,Norte de Santander,54125,CACOTA,2023,Total,3153
54,Norte de Santander,54128,CACHIRA,2023,Total,12361
54,Norte de Santander,54172,CHINACOTA,2023,Total,19703
54,Norte de Santander,54174,CHITAGA,2023,Total,13204
54,Norte de Santander,54206,CONVENCION,2023,Total,20994
54,Norte de Santander,54223,CUCUTILLA,2023,Total,9230
54,Norte de Santander,54239,DURANIA,2023,Total,5139
54,Norte de Santander,54245,EL CARMEN,2023,Total,14971
54,Norte de Santander,54250,EL TARRA,2023,Total,23344
54,Norte de Santander,54261,EL ZULIA,2023,Total,30568
54,Norte de Santander,54313,GRAMALOTE,2023,Total,8291
54,Norte de Santander,54344,HACARI,2023,Total,11452
54,Norte de Santander,54347,HERRAN,2023,Total,7790
54,Norte de Santander,54377,LABATECA,2023,Total,7123
54,Norte de Santander,54385,LA ESPERANZA,2023,Total,13048
54,Norte de Santander,54398,LA PLAYA,2023,Total,8675
54,Norte de Santander,54405,LOS PATIOS,2023,Total,102949
54,Norte de Santander,54418,LOURDES,2023,Total,4499
54,Norte de Santander,54480,MUTISCUA,2023,Total,4805
54,Norte de Santander,54498,OCANA,2023,Total,134379
54,Norte de Santander,54518,PAMPLONA,2023,Total,56451
54,Norte de Santander,54520,PAMPLONITA,2023,Total,6186
54,Norte de Santander,54553,PUERTO SANTANDER,2023,Total,9817
54,Norte de Santander,54599,RAGONVALIA,2023,Total,6704
54,Norte de Santander,54660,SALAZAR,2023,Total,11574
54,Norte de Santander,54670,SAN CALIXTO,2023,Total,14351
54,Norte de Santander,54673,SAN CAYETANO,2023,Total,8049
54,Norte de Santander,54680,SANTIAGO,2023,Total,3839
54,Norte de Santander,54720,SARDINATA,2023,Total,28749
54,Norte de Santander,54743,SILOS,2023,Total,7046
54,Norte de Santander,54800,TEORAMA,2023,Total,18587
54,Norte de Santander,54810,TIBU,2023,Total,61662
54,Norte de Santander,54820,TOLEDO,2023,Total,17560
54,Norte de Santander,54871,VILLA CARO,2023,Total,5700
54,Norte de Santander,54874,VILLA DEL ROSARIO,2023,Total,115364
63,Quindio,63001,ARMENIA,2023,Total,307886
63,Quindio,63111,BUENAVISTA,2023,Total,3220
63,Quindio,63130,CALARCA,2023,Total,75979
63,Quindio,63190,CIRCASIA,2023,Total,29500
63,Quindio,63212,CORDOBA,2023,Total,5888
63,Quindio,63272,FILANDIA,2023,Total,12596
63,Quindio,63302,GENOVA,2023,Total,7726
63,Quindio,63401,LA TEBAIDA,2023,Total,35010
63,Quindio,63470,MONTENEGRO,2023,Total,38240
63,Quindio,63548,PIJAO,2023,Total,5439
63,Quindio,63594,QUIMBAYA,2023,Total,31844
63,Quindio,63690,SALENTO,2023,Total,9748
66,Risaralda,66001,PEREIRA,2023,Total,481768
66,Risaralda,66045,APIA,2023,Total,12613
66,Risaralda,66075,BALBOA,2023,Total,6510
66,Risaralda,66088,BELEN DE UMBRIA,2023,Total,25276
66,Risaralda,66170,DOSQUEBRADAS,2023,Total,225540
66,Risaralda,66318,GUATICA,2023,Total,12423
66,Risaralda,66383,LA CELIA,2023,Total,7642
66,Risaralda,66400,LA VIRGINIA,2023,Total,28488
66,Risaralda,66440,MARSELLA,2023,Total,17208
66,Risaralda,66456,MISTRATO,2023,Total,17527
66,Risaralda,66572,PUEBLO RICO,2023,Total,16753
66,Risaralda,66594,QUINCHIA,2023,Total,27890
66,Risaralda,66682,SANTA ROSA DE CABAL,2023,Total,79840
66,Risaralda,66687,SANTUARIO,2023,Total,12826
68,Santander,68001,BUCARAMANGA,2023,Total,614860
68,Santander,68013,AGUADA,2023,Total,1938
68,Santander,68020,ALBANIA,2023,Total,4263
68,Santander,68051,ARATOCA,2023,Total,8678
68,Santander,68077,BARBOSA,2023,Total,32861
68,Santander,68079,BARICHARA,2023,Total,11092
68,Santander,68081,BARRANCABERMEJA,2023,Total,214571
68,Santander,68092,BETULIA,2023,Total,6241
68,Santander,68101,BOLIVAR,2023,Total,11803
68,Santander,68121,CABRERA,2023,Total,2022
68,Santander,68132,CALIFORNIA,2023,Total,2246
68,Santander,68147,CAPITANEJO,2023,Total,5687
68,Santander,68152,CARCASI,2023,Total,4427
68,Santander,68160,CEPITA,2023,Total,2100
68,Santander,68162,CERRITO,2023,Total,7062
68,Santander,68167,CHARALA,2023,Total,12734
68,Santander,68169,CHARTA,2023,Total,3007
68,Santander,68176,CHIMA,2023,Total,2977
68,Santander,68179,CHIPATA,2023,Total,5309
68,Santander,68190,CIMITARRA,2023,Total,35464
68,Santander,68207,CONCEPCION,2023,Total,6016
68,Santander,68209,CONFINES,2023,Total,3235
68,Santander,68211,CONTRATACION,2023,Total,3834
68,Santander,68217,COROMORO,2023,Total,5250
68,Santander,68229,CURITI,2023,Total,13227
68,Santander,68235,EL CARMEN DE CHUCURI,2023,Total,22419
68,Santander,68245,EL GUACAMAYO,2023,Total,2266
68,Santander,68250,EL PENON,2023,Total,5350
68,Santander,68255,EL PLAYON,2023,Total,14107
68,Santander,68264,ENCINO,2023,Total,2717
68,Santander,68266,ENCISO,2023,Total,3629
68,Santander,68271,FLORIAN,2023,Total,6021
68,Santander,68276,FLORIDABLANCA,2023,Total,336155
68,Santander,68296,GALAN,2023,Total,3005
68,Santander,68298,GAMBITA,2023,Total,4190
68,Santander,68307,GIRON,2023,Total,174465
68,Santander,68318,GUACA,2023,Total,6243
68,Santander,68320,GUADALUPE,2023,Total,4719
68,Santander,68322,GUAPOTA,2023,Total,2482
68,Santander,68324,GUAVATA,2023,Total,4433
68,Santander,68327,GUEPSA,2023,Total,5353
68,Santander,68344,HATO,2023,Total,2415
68,Santander,68368,JESUS MARIA,2023,Total,3417
68,Santander,68370,JORDAN,2023,Total,1394
68,Santander,68377,LA BELLEZA,2023,Total,6624
68,Santander,68385,LANDAZURI,2023,Total,10624
68,Santander,68397,LA PAZ,2023,Total,5204
68,Santander,68406,LEBRIJA,2023,Total,45667
68,Santander,68418,LOS SANTOS,2023,Total,15371
68,Santander,68425,MACARAVITA,2023,Total,2245
68,Santander,68432,MALAGA,2023,Total,21586
68,Santander,68444,MATANZA,2023,Total,5305
68,Santander,68464,MOGOTES,2023,Total,10788
68,Santander,68468,MOLAGAVITA,2023,Total,4277
68,Santander,68498,OCAMONTE,2023,Total,6164
68,Santander,68500,OIBA,2023,Total,11038
68,Santander,68502,ONZAGA,2023,Total,4264
68,Santander,68522,PALMAR,2023,Total,1502
68,Santander,68524,PALMAS DEL SOCORRO,2023,Total,2622
68,Santander,68533,PARAMO,2023,Total,4901
68,Santander,68547,PIEDECUESTA,2023,Total,190712
68,Santander,68549,PINCHOTE,2023,Total,5485
68,Santander,68572,PUENTE NACIONAL,2023,Total,15450
68,Santander,68573,PUERTO PARRA,2023,Total,7914
68,Santander,68575,PUERTO WILCHES,2023,Total,35594
68,Santander,68615,RIONEGRO,2023,Total,26924
68,Santander,68655,SABANA DE TORRES,2023,Total,34690
68,Santander,68669,SAN ANDRES,2023,Total,9083
68,Santander,68673,SAN BENITO,2023,Total,3055
68,Santander,68679,SAN GIL,2023,Total,63009
68,Santander,68682,SAN JOAQUIN,2023,Total,2301
68,Santander,68684,SAN JOSE DE MIRANDA,2023,Total,4429
68,Santander,68686,SAN MIGUEL,2023,Total,2661
68,Santander,68689,SAN VICENTE DE CHUCURI,2023,Total,36272
68,Santander,68705,SANTA BARBARA,2023,Total,2496
68,Santander,68720,SANTA HELENA DEL OPON,2023,Total,3548
68,Santander,68745,SIMACOTA,2023,Total,10706
68,Santander,68755,SOCORRO,2023,Total,35604
68,Santander,68770,SUAITA,2023,Total,10592
68,Santander,68773,SUCRE,2023,Total,7549
68,Santander,68780,SURATA,2023,Total,4110
68,Santander,68820,TONA,2023,Total,7602
68,Santander,68855,VALLE DE SAN JOSE,2023,Total,6379
68,Santander,68861,VELEZ,2023,Total,26109
68,Santander,68867,VETAS,2023,Total,2322
68,Santander,68872,VILLANUEVA,2023,Total,8740
68,Santander,68895,ZAPATOCA,2023,Total,9925
70,Sucre,70001,SINCELEJO,2023,Total,310456
70,Sucre,70110,BUENAVISTA,2023,Total,11231
70,Sucre,70124,CAIMITO,2023,Total,16966
70,Sucre,70204,COLOSO,2023,Total,9325
70,Sucre,70215,COROZAL,2023,Total,70591
70,Sucre,70221,COVENAS,2023,Total,21190
70,Sucre,70230,CHALAN,2023,Total,4786
70,Sucre,70233,EL ROBLE,2023,Total,10299
70,Sucre,70235,GALERAS,2023,Total,24257
70,Sucre,70265,GUARANDA,2023,Total,18955
70,Sucre,70400,LA UNION,2023,Total,14282
70,Sucre,70418,LOS PALMITOS,2023,Total,24638
70,Sucre,70429,MAJAGUAL,2023,Total,41601
70,Sucre,70473,MORROA,2023,Total,16360
70,Sucre,70508,OVEJAS,2023,Total,23862
70,Sucre,70523,PALMITO,2023,Total,16224
70,Sucre,70670,SAMPUES,2023,Total,52591
70,Sucre,70678,SAN BENITO ABAD,2023,Total,30950
70,Sucre,70702,SAN JUAN DE BETULIA,2023,Total,14306
70,Sucre,70708,SAN MARCOS,2023,Total,61679
70,Sucre,70713,SAN ONOFRE,2023,Total,56256
70,Sucre,70717,SAN PEDRO,2023,Total,20065
70,Sucre,70742,SAN LUIS DE SINCE,2023,Total,33046
70,Sucre,70771,SUCRE,2023,Total,32573
70,Sucre,70820,SANTIAGO DE TOLU,2023,Total,34472
70,Sucre,70823,TOLU VIEJO,2023,Total,23099
73,Tolima,73001,IBAGUE,2023,Total,542046
73,Tolima,73024,ALPUJARRA,2023,Total,4693
73,Tolima,73026,ALVARADO,2023,Total,9277
73,Tolima,73030,AMBALEMA,2023,Total,6874
73,Tolima,73043,ANZOATEGUI,2023,Total,10516
73,Tolima,73055,ARMERO,2023,Total,13473
73,Tolima,73067,ATACO,2023,Total,19985
73,Tolima,73124,CAJAMARCA,2023,Total,19312
73,Tolima,73148,CARMEN DE APICALA,2023,Total,11141
73,Tolima,73152,CASABIANCA,2023,Total,6412
73,Tolima,73168,CHAPARRAL,2023,Total,54452
73,Tolima,73200,COELLO,2023,Total,8498
73,Tolima,73217,COYAIMA,2023,Total,23498
73,Tolima,73226,CUNDAY,2023,Total,8762
73,Tolima,73236,DOLORES,2023,Total,8606
73,Tolima,73268,ESPINAL,2023,Total,74810
73,Tolima,73270,FALAN,2023,Total,7933
73,Tolima,73275,FLANDES,2023,Total,30135
73,Tolima,73283,FRESNO,2023,Total,32011
73,Tolima,73319,GUAMO,2023,Total,34681
73,Tolima,73347,HERVEO,2023,Total,7657
73,Tolima,73349,HONDA,2023,Total,25997
73,Tolima,73352,ICONONZO,2023,Total,12542
73,Tolima,73408,LERIDA,2023,Total,18712
73,Tolima,73411,LIBANO,2023,Total,37886
73,Tolima,73443,MARIQUITA,2023,Total,39314
73,Tolima,73449,MELGAR,2023,Total,38016
73,Tolima,73461,MURILLO,2023,Total,4451
73,Tolima,73483,NATAGAIMA,2023,Total,14852
73,Tolima,73504,ORTEGA,2023,Total,34690
73,Tolima,73520,PALOCABILDO,2023,Total,9718
73,Tolima,73547,PIEDRAS,2023,Total,7034
73,Tolima,73555,PLANADAS,2023,Total,27293
73,Tolima,73563,PRADO,2023,Total,8777
73,Tolima,73585,PURIFICACION,2023,Total,23963
73,Tolima,73616,RIOBLANCO,2023,Total,23293
73,Tolima,73622,RONCESVALLES,2023,Total,5625
73,Tolima,73624,ROVIRA,2023,Total,22360
73,Tolima,73671,SALDANA,2023,Total,14882
73,Tolima,73675,SAN ANTONIO,2023,Total,13429
73,Tolima,73678,SAN LUIS,2023,Total,13441
73,Tolima,73686,SANTA ISABEL,2023,Total,5784
73,Tolima,73770,SUAREZ,2023,Total,3919
73,Tolima,73854,VALLE DE SAN JUAN,2023,Total,5505
73,Tolima,73861,VENADILLO,2023,Total,13217
73,Tolima,73870,VILLAHERMOSA,2023,Total,9720
73,Tolima,73873,VILLARRICA,2023,Total,5192
76,Valle del Cauca,76001,CALI,2023,Total,2280522
76,Valle del Cauca,76020,ALCALA,2023,Total,14825
76,Valle del Cauca,76036,ANDALUCIA,2023,Total,22990
76,Valle del Cauca,76041,ANSERMANUEVO,2023,Total,18270
76,Valle del Cauca,76054,ARGELIA,2023,Total,5533
76,Valle del Cauca,76100,BOLIVAR,2023,Total,16412
76,Valle del Cauca,76109,BUENAVENTURA,2023,Total,323360
76,Valle del Cauca,76111,GUADALAJARA DE BUGA,2023,Total,133322
76,Valle del Cauca,76113,BUGALAGRANDE,2023,Total,26020
76,Valle del Cauca,76122,CAICEDONIA,2023,Total,29542
76,Valle del Cauca,76126,CALIMA,2023,Total,19348
76,Valle del Cauca,76130,CANDELARIA,2023,Total,93932
76,Valle del Cauca,76147,CARTAGO,2023,Total,142902
76,Valle del Cauca,76233,DAGUA,2023,Total,49658
76,Valle del Cauca,76243,EL AGUILA,2023,Total,9137
76,Valle del Cauca,76246,EL CAIRO,2023,Total,7021
76,Valle del Cauca,76248,EL CERRITO,2023,Total,57849
76,Valle del Cauca,76250,EL DOVIO,2023,Total,9177
76,Valle del Cauca,76275,FLORIDA,2023,Total,58399
76,Valle del Cauca,76306,GINEBRA,2023,Total,24996
76,Valle del Cauca,76318,GUACARI,2023,Total,35378
76,Valle del Cauca,76364,JAMUNDI,2023,Total,180917
76,Valle del Cauca,76377,LA CUMBRE,2023,Total,17280
76,Valle del Cauca,76400,LA UNION,2023,Total,34704
76,Valle del Cauca,76403,LA VICTORIA,2023,Total,12475
76,Valle del Cauca,76497,OBANDO,2023,Total,12615
76,Valle del Cauca,76520,PALMIRA,2023,Total,358895
76,Valle del Cauca,76563,PRADERA,2023,Total,49297
76,Valle del Cauca,76606,RESTREPO,2023,Total,16487
76,Valle del Cauca,76616,RIOFRIO,2023,Total,15950
76,Valle del Cauca,76622,ROLDANILLO,2023,Total,37667
76,Valle del Cauca,76670,SAN PEDRO,2023,Total,18081
76,Valle del Cauca,76736,SEVILLA,2023,Total,43635
76,Valle del Cauca,76823,TORO,2023,Total,14974
76,Valle del Cauca,76828,TRUJILLO,2023,Total,19701
76,Valle del Cauca,76834,TULUA,2023,Total,231962
76,Valle del Cauca,76845,ULLOA,2023,Total,5795
76,Valle del Cauca,76863,VERSALLES,2023,Total,7438
76,Valle del Cauca,76869,VIJES,2023,Total,13251
76,Valle del Cauca,76890,YOTOCO,2023,Total,16426
76,Valle del Cauca,76892,YUMBO,2023,Total,108774
76,Valle del Cauca,76895,ZARZAL,2023,Total,43112
81,Arauca,81001,ARAUCA,2023,Total,99393
81,Arauca,81065,ARAUQUITA,2023,Total,62499
81,Arauca,81220,CRAVO NORTE,2023,Total,4510
81,Arauca,81300,FORTUL,2023,Total,23867
81,Arauca,81591,PUERTO RONDON,2023,Total,5186
81,Arauca,81736,SARAVENA,2023,Total,64236
81,Arauca,81794,TAME,2023,Total,53406
85,Casanare,85001,YOPAL,2023,Total,191133
85,Casanare,85010,AGUAZUL,2023,Total,40528
85,Casanare,85015,CHAMEZA,2023,Total,2504
85,Casanare,85125,HATO COROZAL,2023,Total,13627
85,Casanare,85136,LA SALINA,2023,Total,1410
85,Casanare,85139,MANI,2023,Total,18038
85,Casanare,85162,MONTERREY,2023,Total,19180
85,Casanare,85225,NUNCHIA,2023,Total,9809
85,Casanare,85230,OROCUE,2023,Total,13844
85,Casanare,85250,PAZ DE ARIPORO,2023,Total,40354
85,Casanare,85263,PORE,2023,Total,12681
85,Casanare,85279,RECETOR,2023,Total,1569
85,Casanare,85300,SABANALARGA,2023,Total,3995
85,Casanare,85315,SACAMA,2023,Total,2333
85,Casanare,85325,SAN LUIS DE PALENQUE,2023,Total,8877
85,Casanare,85400,TAMARA,2023,Total,6992
85,Casanare,85410,TAURAMENA,2023,Total,26381
85,Casanare,85430,TRINIDAD,2023,Total,14910
85,Casanare,85440,VILLANUEVA,2023,Total,39610
86,Putumayo,86001,MOCOA,2023,Total,63639
86,Putumayo,86219,COLON,2023,Total,5800
86,Putumayo,86320,ORITO,2023,Total,40478
86,Putumayo,86568,PUERTO ASIS,2023,Total,71922
86,Putumayo,86569,PUERTO CAICEDO,2023,Total,16823
86,Putumayo,86571,PUERTO GUZMAN,2023,Total,38076
86,Putumayo,86573,PUERTO LEGUIZAMO,2023,Total,32274
86,Putumayo,86749,SIBUNDOY,2023,Total,16733
86,Putumayo,86755,SAN FRANCISCO,2023,Total,6244
86,Putumayo,86757,SAN MIGUEL,2023,Total,20997
86,Putumayo,86760,SANTIAGO,2023,Total,7753
86,Putumayo,86865,VALLE DEL GUAMUEZ,2023,Total,35593
86,Putumayo,86885,VILLAGARZON,2023,Total,26710
88,Archipiélago de San Andrés,88001,SAN ANDRES,2023,Total,56333
88,Archipiélago de San Andrés,88564,PROVIDENCIA,2023,Total,5936
91,Amazonas,91001,LETICIA,2023,Total,54110
91,Amazonas,91263,EL ENCANTO (ANM),2023,Total,2119
91,Amazonas,91405,LA CHORRERA (ANM),2023,Total,3162
91,Amazonas,91407,LA PEDRERA (ANM),2023,Total,4192
91,Amazonas,91430,LA VICTORIA (ANM),2023,Total,685
91,Amazonas,91460,MIRITI - PARANA (ANM),2023,Total,1910
91,Amazonas,91530,PUERTO ALEGRIA (ANM),2023,Total,782
91,Amazonas,91536,PUERTO ARICA (ANM),2023,Total,1089
91,Amazonas,91540,PUERTO NARINO,2023,Total,10772
91,Amazonas,91669,PUERTO SANTANDER (ANM),2023,Total,1921
91,Amazonas,91798,TARAPACA (ANM),2023,Total,4314
94,Guainía,94001,INIRIDA,2023,Total,37015
94,Guainía,94343,BARRANCOMINAS*,2023,Total,10815
94,Guainía,94663,MAPIRIPANA (ANM),2023,Total,0
94,Guainía,94883,SAN FELIPE (ANM),2023,Total,1963
94,Guainía,94884,PUERTO COLOMBIA (ANM),2023,Total,2171
94,Guainía,94885,LA GUADALUPE (ANM),2023,Total,322
94,Guainía,94886,CACAHUAL (ANM),2023,Total,978
94,Guainía,94887,PANA PANA (ANM),2023,Total,2263
94,Guainía,94888,MORICHAL (ANM),2023,Total,1024
95,Guaviare,95001,SAN JOSE DEL GUAVIARE,2023,Total,61403
95,Guaviare,95015,CALAMAR,2023,Total,11282
95,Guaviare,95025,EL RETORNO,2023,Total,16984
95,Guaviare,95200,MIRAFLORES,2023,Total,7947
97,Vaupés,97001,MITU,2023,Total,34037
97,Vaupés,97161,CARURU,2023,Total,3497
97,Vaupés,97511,PACOA (ANM),2023,Total,4698
97,Vaupés,97666,TARAIRA,2023,Total,2543
97,Vaupés,97777,PAPUNAHUA (ANM),2023,Total,802
97,Vaupés,97889,YAVARATE (ANM),2023,Total,1200
99,Vichada,99001,PUERTO CARRENO,2023,Total,22218
99,Vichada,99524,LA PRIMAVERA,2023,Total,10992
99,Vichada,99624,SANTA ROSALIA,2023,Total,4555
99,Vichada,99773,CUMARIBO,2023,Total,85539
